dataset,model,layer,method,value,speaker
timit,hubert-large-en,0,km_2_mi,0.01120319185856908,True
timit,hubert-large-en,0,km_4_mi,0.030799363570477814,True
timit,hubert-large-en,0,km_8_mi,0.21124241397831445,True
timit,hubert-large-en,0,km_16_mi,0.37456405955061756,True
timit,hubert-large-en,0,km_32_mi,0.5542073441622126,True
timit,hubert-large-en,0,km_64_mi,0.8336200785300862,True
timit,hubert-large-en,0,km_128_mi,1.2095357451096345,True
timit,hubert-large-en,0,km_256_mi,1.690842731011696,True
timit,hubert-large-en,0,km_512_mi,2.243793365166384,True
timit,hubert-large-en,0,km_1024_mi,2.8422815911238937,True
timit,hubert-large-en,0,entropy,6.438161419540647,True
timit,hubert-large-en,0,clf_mi,5.401039909684562,True
timit,hubert-large-en,0,km_2_mi,0.36572529752627586,False
timit,hubert-large-en,0,km_4_mi,0.7639465287188849,False
timit,hubert-large-en,0,km_8_mi,1.0683584598366624,False
timit,hubert-large-en,0,km_16_mi,1.2480067972898845,False
timit,hubert-large-en,0,km_32_mi,1.4212944351265886,False
timit,hubert-large-en,0,km_64_mi,1.613715221989298,False
timit,hubert-large-en,0,km_128_mi,1.8074590656570995,False
timit,hubert-large-en,0,km_256_mi,1.969414160610502,False
timit,hubert-large-en,0,km_512_mi,2.135617439773459,False
timit,hubert-large-en,0,km_1024_mi,2.2581918465945594,False
timit,hubert-large-en,0,entropy,3.3947674978523117,False
timit,hubert-large-en,0,clf_mi,2.6843595147285835,False
timit,hubert-large-en,1,km_2_mi,0.010375712634918466,True
timit,hubert-large-en,1,km_4_mi,0.031990332310863255,True
timit,hubert-large-en,1,km_8_mi,0.18217796219836005,True
timit,hubert-large-en,1,km_16_mi,0.2837735390940292,True
timit,hubert-large-en,1,km_32_mi,0.5043314439500364,True
timit,hubert-large-en,1,km_64_mi,0.7661932449519256,True
timit,hubert-large-en,1,km_128_mi,1.1783353778023173,True
timit,hubert-large-en,1,km_256_mi,1.6603141652242845,True
timit,hubert-large-en,1,km_512_mi,2.226469418104591,True
timit,hubert-large-en,1,km_1024_mi,2.8175687039064448,True
timit,hubert-large-en,1,entropy,6.438161419540647,True
timit,hubert-large-en,1,clf_mi,6.430124241429952,True
timit,hubert-large-en,1,km_2_mi,0.3672125264387032,False
timit,hubert-large-en,1,km_4_mi,0.7661419200543927,False
timit,hubert-large-en,1,km_8_mi,1.0641116123547583,False
timit,hubert-large-en,1,km_16_mi,1.2253558536571134,False
timit,hubert-large-en,1,km_32_mi,1.3907256460124175,False
timit,hubert-large-en,1,km_64_mi,1.6123612240528753,False
timit,hubert-large-en,1,km_128_mi,1.8028787290053339,False
timit,hubert-large-en,1,km_256_mi,1.9724291755058274,False
timit,hubert-large-en,1,km_512_mi,2.147108577534006,False
timit,hubert-large-en,1,km_1024_mi,2.2857410364040294,False
timit,hubert-large-en,1,entropy,3.3947674978523117,False
timit,hubert-large-en,1,clf_mi,2.7998092339707616,False
timit,hubert-large-en,2,km_2_mi,0.0102097533225549,True
timit,hubert-large-en,2,km_4_mi,0.03420266526227,True
timit,hubert-large-en,2,km_8_mi,0.08614055113864934,True
timit,hubert-large-en,2,km_16_mi,0.19812701579425188,True
timit,hubert-large-en,2,km_32_mi,0.3680669733448229,True
timit,hubert-large-en,2,km_64_mi,0.6746793061727108,True
timit,hubert-large-en,2,km_128_mi,1.1159912380968953,True
timit,hubert-large-en,2,km_256_mi,1.645191666760507,True
timit,hubert-large-en,2,km_512_mi,2.209457340615364,True
timit,hubert-large-en,2,km_1024_mi,2.8166802534077466,True
timit,hubert-large-en,2,entropy,6.438161419540647,True
timit,hubert-large-en,2,clf_mi,6.437985899544933,True
timit,hubert-large-en,2,km_2_mi,0.3613876204187642,False
timit,hubert-large-en,2,km_4_mi,0.7900673425640666,False
timit,hubert-large-en,2,km_8_mi,1.1266525872327025,False
timit,hubert-large-en,2,km_16_mi,1.3297986755886235,False
timit,hubert-large-en,2,km_32_mi,1.5477736475448856,False
timit,hubert-large-en,2,km_64_mi,1.7421895878835758,False
timit,hubert-large-en,2,km_128_mi,1.951643523323621,False
timit,hubert-large-en,2,km_256_mi,2.1121688149296,False
timit,hubert-large-en,2,km_512_mi,2.2632533417069163,False
timit,hubert-large-en,2,km_1024_mi,2.395899529957318,False
timit,hubert-large-en,2,entropy,3.3947674978523117,False
timit,hubert-large-en,2,clf_mi,2.8690744867834344,False
timit,hubert-large-en,3,km_2_mi,0.011440900219066876,True
timit,hubert-large-en,3,km_4_mi,0.033232084170070016,True
timit,hubert-large-en,3,km_8_mi,0.07766952743082106,True
timit,hubert-large-en,3,km_16_mi,0.18451054009332163,True
timit,hubert-large-en,3,km_32_mi,0.35567916004548794,True
timit,hubert-large-en,3,km_64_mi,0.6597596723300513,True
timit,hubert-large-en,3,km_128_mi,1.0956379681323598,True
timit,hubert-large-en,3,km_256_mi,1.621613821953184,True
timit,hubert-large-en,3,km_512_mi,2.2024654585926595,True
timit,hubert-large-en,3,km_1024_mi,2.820965949445399,True
timit,hubert-large-en,3,entropy,6.438161419540647,True
timit,hubert-large-en,3,clf_mi,6.438152375595706,True
timit,hubert-large-en,3,km_2_mi,0.34938689289593766,False
timit,hubert-large-en,3,km_4_mi,0.8013625645615188,False
timit,hubert-large-en,3,km_8_mi,1.2671766570285,False
timit,hubert-large-en,3,km_16_mi,1.4063976157417037,False
timit,hubert-large-en,3,km_32_mi,1.6403307229065636,False
timit,hubert-large-en,3,km_64_mi,1.8640872879929253,False
timit,hubert-large-en,3,km_128_mi,2.058557508855836,False
timit,hubert-large-en,3,km_256_mi,2.2377225465804718,False
timit,hubert-large-en,3,km_512_mi,2.3644912107160514,False
timit,hubert-large-en,3,km_1024_mi,2.4851906676846305,False
timit,hubert-large-en,3,entropy,3.3947674978523117,False
timit,hubert-large-en,3,clf_mi,2.9076554320158206,False
timit,hubert-large-en,4,km_2_mi,0.011394917465767294,True
timit,hubert-large-en,4,km_4_mi,0.03192128676765722,True
timit,hubert-large-en,4,km_8_mi,0.07373500529326939,True
timit,hubert-large-en,4,km_16_mi,0.16899874290525158,True
timit,hubert-large-en,4,km_32_mi,0.3278454702540396,True
timit,hubert-large-en,4,km_64_mi,0.6188302898098255,True
timit,hubert-large-en,4,km_128_mi,1.0442038396040643,True
timit,hubert-large-en,4,km_256_mi,1.5769828283665603,True
timit,hubert-large-en,4,km_512_mi,2.180004685995623,True
timit,hubert-large-en,4,km_1024_mi,2.7909376039468237,True
timit,hubert-large-en,4,entropy,6.438161419540647,True
timit,hubert-large-en,4,clf_mi,6.437737946797794,True
timit,hubert-large-en,4,km_2_mi,0.34514533460102803,False
timit,hubert-large-en,4,km_4_mi,0.8076354975744087,False
timit,hubert-large-en,4,km_8_mi,1.2663076815650862,False
timit,hubert-large-en,4,km_16_mi,1.490248411290738,False
timit,hubert-large-en,4,km_32_mi,1.6565964530045914,False
timit,hubert-large-en,4,km_64_mi,1.8829589454493725,False
timit,hubert-large-en,4,km_128_mi,2.123173535367082,False
timit,hubert-large-en,4,km_256_mi,2.3088093989647325,False
timit,hubert-large-en,4,km_512_mi,2.445156544548934,False
timit,hubert-large-en,4,km_1024_mi,2.5625957832166804,False
timit,hubert-large-en,4,entropy,3.3947674978523117,False
timit,hubert-large-en,4,clf_mi,2.964204635791239,False
timit,hubert-large-en,5,km_2_mi,0.012154678678013665,True
timit,hubert-large-en,5,km_4_mi,0.0319091525215662,True
timit,hubert-large-en,5,km_8_mi,0.0743802074944773,True
timit,hubert-large-en,5,km_16_mi,0.16579857027208275,True
timit,hubert-large-en,5,km_32_mi,0.32449801855802146,True
timit,hubert-large-en,5,km_64_mi,0.6018757914052809,True
timit,hubert-large-en,5,km_128_mi,1.0332723100333667,True
timit,hubert-large-en,5,km_256_mi,1.561162410587745,True
timit,hubert-large-en,5,km_512_mi,2.143607890166623,True
timit,hubert-large-en,5,km_1024_mi,2.7723084348107605,True
timit,hubert-large-en,5,entropy,6.438161419540647,True
timit,hubert-large-en,5,clf_mi,6.437091335197412,True
timit,hubert-large-en,5,km_2_mi,0.3308935933336425,False
timit,hubert-large-en,5,km_4_mi,0.7742645392692667,False
timit,hubert-large-en,5,km_8_mi,1.3294718450797562,False
timit,hubert-large-en,5,km_16_mi,1.5834460513186377,False
timit,hubert-large-en,5,km_32_mi,1.8463123268492971,False
timit,hubert-large-en,5,km_64_mi,2.0922115857064343,False
timit,hubert-large-en,5,km_128_mi,2.293843986693472,False
timit,hubert-large-en,5,km_256_mi,2.462985430407718,False
timit,hubert-large-en,5,km_512_mi,2.5841087388133963,False
timit,hubert-large-en,5,km_1024_mi,2.6759136336170184,False
timit,hubert-large-en,5,entropy,3.3947674978523117,False
timit,hubert-large-en,5,clf_mi,2.9985495519518945,False
timit,hubert-large-en,6,km_2_mi,0.012797288814028442,True
timit,hubert-large-en,6,km_4_mi,0.03530516870664564,True
timit,hubert-large-en,6,km_8_mi,0.08756194629022364,True
timit,hubert-large-en,6,km_16_mi,0.15907891186669362,True
timit,hubert-large-en,6,km_32_mi,0.31946712503124775,True
timit,hubert-large-en,6,km_64_mi,0.6122421721381643,True
timit,hubert-large-en,6,km_128_mi,1.0242624148472876,True
timit,hubert-large-en,6,km_256_mi,1.5583926523240004,True
timit,hubert-large-en,6,km_512_mi,2.136336677748227,True
timit,hubert-large-en,6,km_1024_mi,2.7525661881466257,True
timit,hubert-large-en,6,entropy,6.438161419540647,True
timit,hubert-large-en,6,clf_mi,6.436396001625845,True
timit,hubert-large-en,6,km_2_mi,0.3233596313279473,False
timit,hubert-large-en,6,km_4_mi,0.7587538241501377,False
timit,hubert-large-en,6,km_8_mi,1.3178996627482742,False
timit,hubert-large-en,6,km_16_mi,1.6013805483634223,False
timit,hubert-large-en,6,km_32_mi,1.7806070293591347,False
timit,hubert-large-en,6,km_64_mi,2.104980501495565,False
timit,hubert-large-en,6,km_128_mi,2.3281772732018684,False
timit,hubert-large-en,6,km_256_mi,2.491114120909022,False
timit,hubert-large-en,6,km_512_mi,2.6168337791305953,False
timit,hubert-large-en,6,km_1024_mi,2.7216802380014573,False
timit,hubert-large-en,6,entropy,3.3947674978523117,False
timit,hubert-large-en,6,clf_mi,3.0199632562679253,False
timit,hubert-large-en,7,km_2_mi,0.009293530820745481,True
timit,hubert-large-en,7,km_4_mi,0.03504396339850279,True
timit,hubert-large-en,7,km_8_mi,0.07162553796698086,True
timit,hubert-large-en,7,km_16_mi,0.16299625301498732,True
timit,hubert-large-en,7,km_32_mi,0.3207185740013529,True
timit,hubert-large-en,7,km_64_mi,0.6069761524144972,True
timit,hubert-large-en,7,km_128_mi,1.0106718688515728,True
timit,hubert-large-en,7,km_256_mi,1.5350399849000107,True
timit,hubert-large-en,7,km_512_mi,2.10582641991058,True
timit,hubert-large-en,7,km_1024_mi,2.732828497025233,True
timit,hubert-large-en,7,entropy,6.438161419540647,True
timit,hubert-large-en,7,clf_mi,6.43389095285531,True
timit,hubert-large-en,7,km_2_mi,0.31701779403313485,False
timit,hubert-large-en,7,km_4_mi,0.7476087062370002,False
timit,hubert-large-en,7,km_8_mi,1.3194057726589972,False
timit,hubert-large-en,7,km_16_mi,1.6592325014482314,False
timit,hubert-large-en,7,km_32_mi,1.8653333150240639,False
timit,hubert-large-en,7,km_64_mi,2.162728545002818,False
timit,hubert-large-en,7,km_128_mi,2.3903629971475544,False
timit,hubert-large-en,7,km_256_mi,2.5642602121771803,False
timit,hubert-large-en,7,km_512_mi,2.6652888145138056,False
timit,hubert-large-en,7,km_1024_mi,2.760692493910066,False
timit,hubert-large-en,7,entropy,3.3947674978523117,False
timit,hubert-large-en,7,clf_mi,3.037870746022923,False
timit,hubert-large-en,8,km_2_mi,0.009077483580668616,True
timit,hubert-large-en,8,km_4_mi,0.03412274842693689,True
timit,hubert-large-en,8,km_8_mi,0.07051870570299854,True
timit,hubert-large-en,8,km_16_mi,0.15522353446743045,True
timit,hubert-large-en,8,km_32_mi,0.3093676853145967,True
timit,hubert-large-en,8,km_64_mi,0.5939983487895145,True
timit,hubert-large-en,8,km_128_mi,1.0028001277901426,True
timit,hubert-large-en,8,km_256_mi,1.5207514990016315,True
timit,hubert-large-en,8,km_512_mi,2.0906347498744022,True
timit,hubert-large-en,8,km_1024_mi,2.710670574747725,True
timit,hubert-large-en,8,entropy,6.438161419540647,True
timit,hubert-large-en,8,clf_mi,6.423878322271236,True
timit,hubert-large-en,8,km_2_mi,0.3211767775904567,False
timit,hubert-large-en,8,km_4_mi,0.7528258915579211,False
timit,hubert-large-en,8,km_8_mi,1.2503220401052237,False
timit,hubert-large-en,8,km_16_mi,1.7490508660695927,False
timit,hubert-large-en,8,km_32_mi,2.050794164921843,False
timit,hubert-large-en,8,km_64_mi,2.2847392782910143,False
timit,hubert-large-en,8,km_128_mi,2.517331894320417,False
timit,hubert-large-en,8,km_256_mi,2.674525732096494,False
timit,hubert-large-en,8,km_512_mi,2.7822850254781413,False
timit,hubert-large-en,8,km_1024_mi,2.860393718256661,False
timit,hubert-large-en,8,entropy,3.3947674978523117,False
timit,hubert-large-en,8,clf_mi,3.0720391175922903,False
timit,hubert-large-en,9,km_2_mi,0.008690800374220322,True
timit,hubert-large-en,9,km_4_mi,0.032613617247976935,True
timit,hubert-large-en,9,km_8_mi,0.06866421141370753,True
timit,hubert-large-en,9,km_16_mi,0.15073094347989316,True
timit,hubert-large-en,9,km_32_mi,0.30447611730597646,True
timit,hubert-large-en,9,km_64_mi,0.5832558744060958,True
timit,hubert-large-en,9,km_128_mi,0.9961094110245591,True
timit,hubert-large-en,9,km_256_mi,1.5106285552351668,True
timit,hubert-large-en,9,km_512_mi,2.092144442339276,True
timit,hubert-large-en,9,km_1024_mi,2.7008747606959793,True
timit,hubert-large-en,9,entropy,6.438161419540647,True
timit,hubert-large-en,9,clf_mi,6.394210205217221,True
timit,hubert-large-en,9,km_2_mi,0.45251770487885806,False
timit,hubert-large-en,9,km_4_mi,0.758039954758213,False
timit,hubert-large-en,9,km_8_mi,1.3242518550842504,False
timit,hubert-large-en,9,km_16_mi,1.6210658890547565,False
timit,hubert-large-en,9,km_32_mi,2.0471702771335285,False
timit,hubert-large-en,9,km_64_mi,2.322518690950374,False
timit,hubert-large-en,9,km_128_mi,2.53191686991658,False
timit,hubert-large-en,9,km_256_mi,2.6926297903853746,False
timit,hubert-large-en,9,km_512_mi,2.8026460771617345,False
timit,hubert-large-en,9,km_1024_mi,2.8895247998473623,False
timit,hubert-large-en,9,entropy,3.3947674978523117,False
timit,hubert-large-en,9,clf_mi,3.0865808199784777,False
timit,hubert-large-en,10,km_2_mi,0.011308807696547454,True
timit,hubert-large-en,10,km_4_mi,0.027766539348623463,True
timit,hubert-large-en,10,km_8_mi,0.06629005582777876,True
timit,hubert-large-en,10,km_16_mi,0.14001387412421645,True
timit,hubert-large-en,10,km_32_mi,0.30284209701189824,True
timit,hubert-large-en,10,km_64_mi,0.5797687244747739,True
timit,hubert-large-en,10,km_128_mi,0.9922651671247019,True
timit,hubert-large-en,10,km_256_mi,1.522155998568845,True
timit,hubert-large-en,10,km_512_mi,2.0985004505273674,True
timit,hubert-large-en,10,km_1024_mi,2.719735384037204,True
timit,hubert-large-en,10,entropy,6.438161419540647,True
timit,hubert-large-en,10,clf_mi,6.341204494164624,True
timit,hubert-large-en,10,km_2_mi,0.3313896008500736,False
timit,hubert-large-en,10,km_4_mi,0.844123864836773,False
timit,hubert-large-en,10,km_8_mi,1.3453025964703644,False
timit,hubert-large-en,10,km_16_mi,1.6320481059461547,False
timit,hubert-large-en,10,km_32_mi,1.989067966655493,False
timit,hubert-large-en,10,km_64_mi,2.331716265723262,False
timit,hubert-large-en,10,km_128_mi,2.5536873751339804,False
timit,hubert-large-en,10,km_256_mi,2.7535783685140163,False
timit,hubert-large-en,10,km_512_mi,2.852006648199381,False
timit,hubert-large-en,10,km_1024_mi,2.950460307541603,False
timit,hubert-large-en,10,entropy,3.3947674978523117,False
timit,hubert-large-en,10,clf_mi,3.1078412974245873,False
timit,hubert-large-en,11,km_2_mi,0.008450172414650537,True
timit,hubert-large-en,11,km_4_mi,0.02732853568649298,True
timit,hubert-large-en,11,km_8_mi,0.06489407672294466,True
timit,hubert-large-en,11,km_16_mi,0.14797729121130282,True
timit,hubert-large-en,11,km_32_mi,0.29965812177123363,True
timit,hubert-large-en,11,km_64_mi,0.5743139379635945,True
timit,hubert-large-en,11,km_128_mi,0.9879863758724947,True
timit,hubert-large-en,11,km_256_mi,1.5051542661571524,True
timit,hubert-large-en,11,km_512_mi,2.108224018551083,True
timit,hubert-large-en,11,km_1024_mi,2.6945389705248197,True
timit,hubert-large-en,11,entropy,6.438161419540647,True
timit,hubert-large-en,11,clf_mi,6.273244299542958,True
timit,hubert-large-en,11,km_2_mi,0.33418008040617175,False
timit,hubert-large-en,11,km_4_mi,0.8409233346071876,False
timit,hubert-large-en,11,km_8_mi,1.2764978289881597,False
timit,hubert-large-en,11,km_16_mi,1.681406456470142,False
timit,hubert-large-en,11,km_32_mi,1.9869562055091765,False
timit,hubert-large-en,11,km_64_mi,2.3830100712988225,False
timit,hubert-large-en,11,km_128_mi,2.6067462762440456,False
timit,hubert-large-en,11,km_256_mi,2.7849163708717075,False
timit,hubert-large-en,11,km_512_mi,2.9021704545407467,False
timit,hubert-large-en,11,km_1024_mi,2.9876757032138292,False
timit,hubert-large-en,11,entropy,3.3947674978523117,False
timit,hubert-large-en,11,clf_mi,3.1221101285578494,False
timit,hubert-large-en,12,km_2_mi,0.010637081372965406,True
timit,hubert-large-en,12,km_4_mi,0.026699339909852567,True
timit,hubert-large-en,12,km_8_mi,0.06438837099883027,True
timit,hubert-large-en,12,km_16_mi,0.14440276160370244,True
timit,hubert-large-en,12,km_32_mi,0.29972324124744965,True
timit,hubert-large-en,12,km_64_mi,0.5745086449136183,True
timit,hubert-large-en,12,km_128_mi,0.9824009206883253,True
timit,hubert-large-en,12,km_256_mi,1.5003421265312376,True
timit,hubert-large-en,12,km_512_mi,2.087337016353067,True
timit,hubert-large-en,12,km_1024_mi,2.683819814791385,True
timit,hubert-large-en,12,entropy,6.438161419540647,True
timit,hubert-large-en,12,clf_mi,6.215316194150219,True
timit,hubert-large-en,12,km_2_mi,0.3394775957683789,False
timit,hubert-large-en,12,km_4_mi,0.8419595029538331,False
timit,hubert-large-en,12,km_8_mi,1.3512674373557823,False
timit,hubert-large-en,12,km_16_mi,1.660944641678539,False
timit,hubert-large-en,12,km_32_mi,1.9992729968349416,False
timit,hubert-large-en,12,km_64_mi,2.332071442762635,False
timit,hubert-large-en,12,km_128_mi,2.6242720216510578,False
timit,hubert-large-en,12,km_256_mi,2.7908309694016893,False
timit,hubert-large-en,12,km_512_mi,2.893158303267653,False
timit,hubert-large-en,12,km_1024_mi,2.9847198249830864,False
timit,hubert-large-en,12,entropy,3.3947674978523117,False
timit,hubert-large-en,12,clf_mi,3.1248819766036995,False
timit,hubert-large-en,13,km_2_mi,0.00997468698122746,True
timit,hubert-large-en,13,km_4_mi,0.027056345006581085,True
timit,hubert-large-en,13,km_8_mi,0.05847812054267633,True
timit,hubert-large-en,13,km_16_mi,0.13644621948506847,True
timit,hubert-large-en,13,km_32_mi,0.28152800312418574,True
timit,hubert-large-en,13,km_64_mi,0.5475236035171249,True
timit,hubert-large-en,13,km_128_mi,0.9772710734263187,True
timit,hubert-large-en,13,km_256_mi,1.4740849728218834,True
timit,hubert-large-en,13,km_512_mi,2.0555866354464896,True
timit,hubert-large-en,13,km_1024_mi,2.6752548866316133,True
timit,hubert-large-en,13,entropy,6.438161419540647,True
timit,hubert-large-en,13,clf_mi,6.0098956873962885,True
timit,hubert-large-en,13,km_2_mi,0.2846204648778197,False
timit,hubert-large-en,13,km_4_mi,0.622514926945982,False
timit,hubert-large-en,13,km_8_mi,1.0608946968035202,False
timit,hubert-large-en,13,km_16_mi,1.4630987171145846,False
timit,hubert-large-en,13,km_32_mi,1.8913796195697214,False
timit,hubert-large-en,13,km_64_mi,2.2695717470400822,False
timit,hubert-large-en,13,km_128_mi,2.5272020307666625,False
timit,hubert-large-en,13,km_256_mi,2.742650472225493,False
timit,hubert-large-en,13,km_512_mi,2.877760213285553,False
timit,hubert-large-en,13,km_1024_mi,2.995299613476725,False
timit,hubert-large-en,13,entropy,3.3947674978523117,False
timit,hubert-large-en,13,clf_mi,3.1247373742799627,False
timit,hubert-large-en,14,km_2_mi,0.008663713504351092,True
timit,hubert-large-en,14,km_4_mi,0.026673546130732993,True
timit,hubert-large-en,14,km_8_mi,0.05940474399691495,True
timit,hubert-large-en,14,km_16_mi,0.13451663082789742,True
timit,hubert-large-en,14,km_32_mi,0.2801487108639272,True
timit,hubert-large-en,14,km_64_mi,0.5431469197700187,True
timit,hubert-large-en,14,km_128_mi,0.9592063323586503,True
timit,hubert-large-en,14,km_256_mi,1.4679681032521212,True
timit,hubert-large-en,14,km_512_mi,2.0532331493315885,True
timit,hubert-large-en,14,km_1024_mi,2.6614958724536963,True
timit,hubert-large-en,14,entropy,6.438161419540647,True
timit,hubert-large-en,14,clf_mi,5.598320064000528,True
timit,hubert-large-en,14,km_2_mi,0.4272875314020223,False
timit,hubert-large-en,14,km_4_mi,0.6883214959463265,False
timit,hubert-large-en,14,km_8_mi,1.2037272161342687,False
timit,hubert-large-en,14,km_16_mi,1.5514373243787352,False
timit,hubert-large-en,14,km_32_mi,1.9411077980395408,False
timit,hubert-large-en,14,km_64_mi,2.198108951379865,False
timit,hubert-large-en,14,km_128_mi,2.5083932146288186,False
timit,hubert-large-en,14,km_256_mi,2.7535510187837544,False
timit,hubert-large-en,14,km_512_mi,2.898502988036252,False
timit,hubert-large-en,14,km_1024_mi,3.0065669405735695,False
timit,hubert-large-en,14,entropy,3.3947674978523117,False
timit,hubert-large-en,14,clf_mi,3.1275489915570063,False
timit,hubert-large-en,15,km_2_mi,0.009307296972467828,True
timit,hubert-large-en,15,km_4_mi,0.02542402396033777,True
timit,hubert-large-en,15,km_8_mi,0.06037296273794662,True
timit,hubert-large-en,15,km_16_mi,0.1300774693544134,True
timit,hubert-large-en,15,km_32_mi,0.28156881165206327,True
timit,hubert-large-en,15,km_64_mi,0.5483831177136453,True
timit,hubert-large-en,15,km_128_mi,0.9590340908611581,True
timit,hubert-large-en,15,km_256_mi,1.512606535263307,True
timit,hubert-large-en,15,km_512_mi,2.089556549675931,True
timit,hubert-large-en,15,km_1024_mi,2.671435302561944,True
timit,hubert-large-en,15,entropy,6.438161419540647,True
timit,hubert-large-en,15,clf_mi,4.839587611863976,True
timit,hubert-large-en,15,km_2_mi,0.38927541189883647,False
timit,hubert-large-en,15,km_4_mi,0.5717159143871251,False
timit,hubert-large-en,15,km_8_mi,0.9736807783854423,False
timit,hubert-large-en,15,km_16_mi,1.5063330624265887,False
timit,hubert-large-en,15,km_32_mi,1.682576572576845,False
timit,hubert-large-en,15,km_64_mi,2.1047844698364693,False
timit,hubert-large-en,15,km_128_mi,2.4299753165027616,False
timit,hubert-large-en,15,km_256_mi,2.6716996611299897,False
timit,hubert-large-en,15,km_512_mi,2.8540501743058244,False
timit,hubert-large-en,15,km_1024_mi,2.964671127126888,False
timit,hubert-large-en,15,entropy,3.3947674978523117,False
timit,hubert-large-en,15,clf_mi,3.1205610110796447,False
timit,hubert-large-en,16,km_2_mi,0.009417827575559359,True
timit,hubert-large-en,16,km_4_mi,0.025862164030371823,True
timit,hubert-large-en,16,km_8_mi,0.057021542085056186,True
timit,hubert-large-en,16,km_16_mi,0.13134691123901657,True
timit,hubert-large-en,16,km_32_mi,0.2748166514625705,True
timit,hubert-large-en,16,km_64_mi,0.551204323757526,True
timit,hubert-large-en,16,km_128_mi,0.9666212781213549,True
timit,hubert-large-en,16,km_256_mi,1.4853367249319045,True
timit,hubert-large-en,16,km_512_mi,2.0672786546361577,True
timit,hubert-large-en,16,km_1024_mi,2.6318908134465446,True
timit,hubert-large-en,16,entropy,6.438161419540647,True
timit,hubert-large-en,16,clf_mi,4.27210511310617,True
timit,hubert-large-en,16,km_2_mi,0.38475005685128216,False
timit,hubert-large-en,16,km_4_mi,0.6996878487501452,False
timit,hubert-large-en,16,km_8_mi,0.918555613844567,False
timit,hubert-large-en,16,km_16_mi,1.2861173380280717,False
timit,hubert-large-en,16,km_32_mi,1.5490959249061407,False
timit,hubert-large-en,16,km_64_mi,2.0032414333264272,False
timit,hubert-large-en,16,km_128_mi,2.345616275833917,False
timit,hubert-large-en,16,km_256_mi,2.5788803228485557,False
timit,hubert-large-en,16,km_512_mi,2.758704920403085,False
timit,hubert-large-en,16,km_1024_mi,2.898543507424156,False
timit,hubert-large-en,16,entropy,3.3947674978523117,False
timit,hubert-large-en,16,clf_mi,3.1041006712234647,False
timit,hubert-large-en,17,km_2_mi,0.009579570511034441,True
timit,hubert-large-en,17,km_4_mi,0.026142035473361677,True
timit,hubert-large-en,17,km_8_mi,0.059682874992749164,True
timit,hubert-large-en,17,km_16_mi,0.12973549748326912,True
timit,hubert-large-en,17,km_32_mi,0.27026856252049397,True
timit,hubert-large-en,17,km_64_mi,0.5515432348941347,True
timit,hubert-large-en,17,km_128_mi,0.9426249928667718,True
timit,hubert-large-en,17,km_256_mi,1.4758577383644036,True
timit,hubert-large-en,17,km_512_mi,2.0344606763915154,True
timit,hubert-large-en,17,km_1024_mi,2.5957521443531224,True
timit,hubert-large-en,17,entropy,6.438161419540647,True
timit,hubert-large-en,17,clf_mi,4.0319337125636,True
timit,hubert-large-en,17,km_2_mi,0.37074437747439143,False
timit,hubert-large-en,17,km_4_mi,0.5930131617900382,False
timit,hubert-large-en,17,km_8_mi,0.8111253892948816,False
timit,hubert-large-en,17,km_16_mi,1.1131160984135504,False
timit,hubert-large-en,17,km_32_mi,1.550531479633694,False
timit,hubert-large-en,17,km_64_mi,1.8672006533832486,False
timit,hubert-large-en,17,km_128_mi,2.157268667916498,False
timit,hubert-large-en,17,km_256_mi,2.463581974403381,False
timit,hubert-large-en,17,km_512_mi,2.6733191251901514,False
timit,hubert-large-en,17,km_1024_mi,2.8251937448282294,False
timit,hubert-large-en,17,entropy,3.3947674978523117,False
timit,hubert-large-en,17,clf_mi,3.08965561057446,False
timit,hubert-large-en,18,km_2_mi,0.00981027755099931,True
timit,hubert-large-en,18,km_4_mi,0.026061395799352256,True
timit,hubert-large-en,18,km_8_mi,0.05809114534529707,True
timit,hubert-large-en,18,km_16_mi,0.12558532600314876,True
timit,hubert-large-en,18,km_32_mi,0.26934516983850604,True
timit,hubert-large-en,18,km_64_mi,0.5168704669741205,True
timit,hubert-large-en,18,km_128_mi,0.9044882319925903,True
timit,hubert-large-en,18,km_256_mi,1.439726072429586,True
timit,hubert-large-en,18,km_512_mi,1.95756239632833,True
timit,hubert-large-en,18,km_1024_mi,2.5204491191088656,True
timit,hubert-large-en,18,entropy,6.438161419540647,True
timit,hubert-large-en,18,clf_mi,4.184111180085555,True
timit,hubert-large-en,18,km_2_mi,0.36993419636415187,False
timit,hubert-large-en,18,km_4_mi,0.5960348144570227,False
timit,hubert-large-en,18,km_8_mi,0.7945774209715977,False
timit,hubert-large-en,18,km_16_mi,1.1549054681053619,False
timit,hubert-large-en,18,km_32_mi,1.3963087691051759,False
timit,hubert-large-en,18,km_64_mi,1.751949393414743,False
timit,hubert-large-en,18,km_128_mi,2.064779207611915,False
timit,hubert-large-en,18,km_256_mi,2.374011250467637,False
timit,hubert-large-en,18,km_512_mi,2.587235577823427,False
timit,hubert-large-en,18,km_1024_mi,2.75441192113044,False
timit,hubert-large-en,18,entropy,3.3947674978523117,False
timit,hubert-large-en,18,clf_mi,3.0674503482042397,False
timit,hubert-large-en,19,km_2_mi,0.010022729765808553,True
timit,hubert-large-en,19,km_4_mi,0.025857734145438717,True
timit,hubert-large-en,19,km_8_mi,0.057862052215475884,True
timit,hubert-large-en,19,km_16_mi,0.11972304009063119,True
timit,hubert-large-en,19,km_32_mi,0.26203183378678907,True
timit,hubert-large-en,19,km_64_mi,0.47724430511481747,True
timit,hubert-large-en,19,km_128_mi,0.9180818400803838,True
timit,hubert-large-en,19,km_256_mi,1.3967671354425881,True
timit,hubert-large-en,19,km_512_mi,1.9500651192454137,True
timit,hubert-large-en,19,km_1024_mi,2.506580308664533,True
timit,hubert-large-en,19,entropy,6.438161419540647,True
timit,hubert-large-en,19,clf_mi,4.05519419809361,True
timit,hubert-large-en,19,km_2_mi,0.3627160920374383,False
timit,hubert-large-en,19,km_4_mi,0.6013056787967932,False
timit,hubert-large-en,19,km_8_mi,0.8184406910517287,False
timit,hubert-large-en,19,km_16_mi,1.1472567751846445,False
timit,hubert-large-en,19,km_32_mi,1.400545286162025,False
timit,hubert-large-en,19,km_64_mi,1.7571273191980437,False
timit,hubert-large-en,19,km_128_mi,2.0942108198768685,False
timit,hubert-large-en,19,km_256_mi,2.4030238020748667,False
timit,hubert-large-en,19,km_512_mi,2.6165158513824265,False
timit,hubert-large-en,19,km_1024_mi,2.7811278131539647,False
timit,hubert-large-en,19,entropy,3.3947674978523117,False
timit,hubert-large-en,19,clf_mi,3.059115403327982,False
timit,hubert-large-en,20,km_2_mi,0.009321381295284741,True
timit,hubert-large-en,20,km_4_mi,0.025506173456457944,True
timit,hubert-large-en,20,km_8_mi,0.0433070589197675,True
timit,hubert-large-en,20,km_16_mi,0.11292987425055097,True
timit,hubert-large-en,20,km_32_mi,0.2432424205122162,True
timit,hubert-large-en,20,km_64_mi,0.44457155232098705,True
timit,hubert-large-en,20,km_128_mi,0.814677388227751,True
timit,hubert-large-en,20,km_256_mi,1.270765710883908,True
timit,hubert-large-en,20,km_512_mi,1.835448023350448,True
timit,hubert-large-en,20,km_1024_mi,2.4073338697519233,True
timit,hubert-large-en,20,entropy,6.438161419540647,True
timit,hubert-large-en,20,clf_mi,3.6393685855956495,True
timit,hubert-large-en,20,km_2_mi,0.022312066626951902,False
timit,hubert-large-en,20,km_4_mi,0.658509062528467,False
timit,hubert-large-en,20,km_8_mi,1.004098031725953,False
timit,hubert-large-en,20,km_16_mi,1.2008536566028791,False
timit,hubert-large-en,20,km_32_mi,1.3775038641739532,False
timit,hubert-large-en,20,km_64_mi,1.7474294293761437,False
timit,hubert-large-en,20,km_128_mi,2.088343282599528,False
timit,hubert-large-en,20,km_256_mi,2.410300809073359,False
timit,hubert-large-en,20,km_512_mi,2.621381604743795,False
timit,hubert-large-en,20,km_1024_mi,2.787115277481812,False
timit,hubert-large-en,20,entropy,3.3947674978523117,False
timit,hubert-large-en,20,clf_mi,3.040481053770743,False
timit,hubert-large-en,21,km_2_mi,0.008696347890089903,True
timit,hubert-large-en,21,km_4_mi,0.024022409395366855,True
timit,hubert-large-en,21,km_8_mi,0.06105282310383292,True
timit,hubert-large-en,21,km_16_mi,0.12916548318358612,True
timit,hubert-large-en,21,km_32_mi,0.24967022498370584,True
timit,hubert-large-en,21,km_64_mi,0.4953687053802783,True
timit,hubert-large-en,21,km_128_mi,0.8937697854257697,True
timit,hubert-large-en,21,km_256_mi,1.365451754432115,True
timit,hubert-large-en,21,km_512_mi,1.8880052056075378,True
timit,hubert-large-en,21,km_1024_mi,2.4528698689855695,True
timit,hubert-large-en,21,entropy,6.438161419540647,True
timit,hubert-large-en,21,clf_mi,3.274317161635554,True
timit,hubert-large-en,21,km_2_mi,0.4640627491226487,False
timit,hubert-large-en,21,km_4_mi,0.5902758483998434,False
timit,hubert-large-en,21,km_8_mi,1.0164597811273755,False
timit,hubert-large-en,21,km_16_mi,1.2569676044502407,False
timit,hubert-large-en,21,km_32_mi,1.6801543215689518,False
timit,hubert-large-en,21,km_64_mi,1.8796199354217413,False
timit,hubert-large-en,21,km_128_mi,2.266328582705321,False
timit,hubert-large-en,21,km_256_mi,2.505971924046963,False
timit,hubert-large-en,21,km_512_mi,2.730389467454635,False
timit,hubert-large-en,21,km_1024_mi,2.872220097878061,False
timit,hubert-large-en,21,entropy,3.3947674978523117,False
timit,hubert-large-en,21,clf_mi,3.032751188497266,False
timit,hubert-large-en,22,km_2_mi,0.007786267979264766,True
timit,hubert-large-en,22,km_4_mi,0.024914422189852372,True
timit,hubert-large-en,22,km_8_mi,0.06082923764538179,True
timit,hubert-large-en,22,km_16_mi,0.1368488202570839,True
timit,hubert-large-en,22,km_32_mi,0.28111657463733275,True
timit,hubert-large-en,22,km_64_mi,0.5529131236000833,True
timit,hubert-large-en,22,km_128_mi,0.9666528684757018,True
timit,hubert-large-en,22,km_256_mi,1.468327994226513,True
timit,hubert-large-en,22,km_512_mi,2.0008105519742263,True
timit,hubert-large-en,22,km_1024_mi,2.5501599319348047,True
timit,hubert-large-en,22,entropy,6.438161419540647,True
timit,hubert-large-en,22,clf_mi,2.9243044314969113,True
timit,hubert-large-en,22,km_2_mi,0.528829824540441,False
timit,hubert-large-en,22,km_4_mi,0.6729373697420882,False
timit,hubert-large-en,22,km_8_mi,1.243316696810948,False
timit,hubert-large-en,22,km_16_mi,1.6043240853280967,False
timit,hubert-large-en,22,km_32_mi,1.997088938547564,False
timit,hubert-large-en,22,km_64_mi,2.301799751600417,False
timit,hubert-large-en,22,km_128_mi,2.6608732150927876,False
timit,hubert-large-en,22,km_256_mi,2.7949613697016327,False
timit,hubert-large-en,22,km_512_mi,2.9364743000789977,False
timit,hubert-large-en,22,km_1024_mi,3.0221426450812157,False
timit,hubert-large-en,22,entropy,3.3947674978523117,False
timit,hubert-large-en,22,clf_mi,2.9402129462165405,False
timit,hubert-large-en,23,km_2_mi,0.008620644160296792,True
timit,hubert-large-en,23,km_4_mi,0.025358754165223117,True
timit,hubert-large-en,23,km_8_mi,0.06141271461944769,True
timit,hubert-large-en,23,km_16_mi,0.1381348890015635,True
timit,hubert-large-en,23,km_32_mi,0.2980226397264769,True
timit,hubert-large-en,23,km_64_mi,0.5621607771224919,True
timit,hubert-large-en,23,km_128_mi,0.9797525447064942,True
timit,hubert-large-en,23,km_256_mi,1.4965597199509009,True
timit,hubert-large-en,23,km_512_mi,2.077567756516025,True
timit,hubert-large-en,23,km_1024_mi,2.6501134106134354,True
timit,hubert-large-en,23,entropy,6.438161419540647,True
timit,hubert-large-en,23,clf_mi,1.5998088344681038,True
timit,hubert-large-en,23,km_2_mi,0.5070532577883325,False
timit,hubert-large-en,23,km_4_mi,0.8718994088315059,False
timit,hubert-large-en,23,km_8_mi,1.3767857033560345,False
timit,hubert-large-en,23,km_16_mi,1.7707828323520842,False
timit,hubert-large-en,23,km_32_mi,2.134495502602684,False
timit,hubert-large-en,23,km_64_mi,2.4745699899421822,False
timit,hubert-large-en,23,km_128_mi,2.6741433839125204,False
timit,hubert-large-en,23,km_256_mi,2.8798793134845417,False
timit,hubert-large-en,23,km_512_mi,3.002686777072729,False
timit,hubert-large-en,23,km_1024_mi,3.0836619331708004,False
timit,hubert-large-en,23,entropy,3.3947674978523117,False
timit,hubert-large-en,23,clf_mi,2.7920604346356903,False
timit,hubert-large-en,24,km_2_mi,0.008752923128420733,True
timit,hubert-large-en,24,km_4_mi,0.023928809880987643,True
timit,hubert-large-en,24,km_8_mi,0.06161226632474919,True
timit,hubert-large-en,24,km_16_mi,0.13853563240961078,True
timit,hubert-large-en,24,km_32_mi,0.2887401627180384,True
timit,hubert-large-en,24,km_64_mi,0.5749066152383111,True
timit,hubert-large-en,24,km_128_mi,0.9741633896794679,True
timit,hubert-large-en,24,km_256_mi,1.490854465269988,True
timit,hubert-large-en,24,km_512_mi,2.0693159717296887,True
timit,hubert-large-en,24,km_1024_mi,2.6687811590504,True
timit,hubert-large-en,24,entropy,6.438161419540647,True
timit,hubert-large-en,24,clf_mi,3.4860223127940193,True
timit,hubert-large-en,24,km_2_mi,0.3291922314151495,False
timit,hubert-large-en,24,km_4_mi,0.8236811824344289,False
timit,hubert-large-en,24,km_8_mi,1.2014113422230566,False
timit,hubert-large-en,24,km_16_mi,1.5921760480868823,False
timit,hubert-large-en,24,km_32_mi,2.0999626606823294,False
timit,hubert-large-en,24,km_64_mi,2.3875436420843115,False
timit,hubert-large-en,24,km_128_mi,2.670671547214011,False
timit,hubert-large-en,24,km_256_mi,2.8358930264291566,False
timit,hubert-large-en,24,km_512_mi,2.9644210846434813,False
timit,hubert-large-en,24,km_1024_mi,3.0568430904426047,False
timit,hubert-large-en,24,entropy,3.3947674978523117,False
timit,hubert-large-en,24,clf_mi,3.2032985526893434,False
